src,dst,link
The Secret,The Secret,Satire
What I Thought I Knew,The Secret,Romance
What I Thought I Knew,The Secret,Mystery
Buried Secrets,The Girl On The Train,Horror
The Girl On The Train,The Perfect Girl,Self_help
Behind Closed Doors,,Science_Fiction
Behind Closed Doors,Buried Secrets,Horror
Behind Closed Doors,Angels Walking,Science_Fiction
Angels Walking,Deceived,Satire
Angels Walking,Deceived,Self_help
What I Thought I Knew,Behind Closed Doors,Mystery
The Secret,The Secret,Romance
The Secret,Deceived,Romance
The Girl On The Train,Angels Walking,Satire
The Girl On The Train,What I Thought I Knew,Science_Fiction
Spilled Milk,The Girl On The Train,Romance
The Secret,Behind Closed Doors,Science_Fiction
What I Thought I Knew,Spilled Milk,Self_help
